{
  "rows": [
    {
      "alpha": -1.0,
      "n": 280,
      "mean_refusal_marker": 0.0,
      "mean_agreement_marker": 0.15357142857142858,
      "mean_length_tokens": 106.87142857142857
    },
    {
      "alpha": 0.0,
      "n": 280,
      "mean_refusal_marker": 0.0,
      "mean_agreement_marker": 0.15714285714285714,
      "mean_length_tokens": 104.86071428571428
    },
    {
      "alpha": 1.0,
      "n": 280,
      "mean_refusal_marker": 0.0,
      "mean_agreement_marker": 0.17142857142857143,
      "mean_length_tokens": 101.78214285714286
    }
  ]
}
